{
    "medicos": [
        {
            "id": "m1",
            "nome": "Dr. António Silva",
            "ocupado": false,
            "doente_corrente": null,
            "especialidade": "Clínica Geral",
            "total_tempo_ocupado": 0.0,
            "inicio_ultima_consulta": 0.0
        },
        {
            "id": "m2",
            "nome": "Dra. Maria Santos",
            "ocupado": false,
            "doente_corrente": null,
            "especialidade": "Clínica Geral",
            "total_tempo_ocupado": 0.0,
            "inicio_ultima_consulta": 0.0
        },
        {
            "id": "m3",
            "nome": "Dr. João Pereira",
            "ocupado": false,
            "doente_corrente": null,
            "especialidade": "Medicina Interna",
            "total_tempo_ocupado": 0.0,
            "inicio_ultima_consulta": 0.0
        },
        {
            "id": "m4",
            "nome": "Dra. Ana Costa",
            "ocupado": false,
            "doente_corrente": null,
            "especialidade": "Medicina Interna",
            "total_tempo_ocupado": 0.0,
            "inicio_ultima_consulta": 0.0
        },
        {
            "id": "m5",
            "nome": "Dr. Pedro Rodrigues",
            "ocupado": false,
            "doente_corrente": null,
            "especialidade": "Ortopedia",
            "total_tempo_ocupado": 0.0,
            "inicio_ultima_consulta": 0.0
        },
        {
            "id": "m6",
            "nome": "Dra. Sofia Almeida",
            "ocupado": false,
            "doente_corrente": null,
            "especialidade": "Ortopedia",
            "total_tempo_ocupado": 0.0,
            "inicio_ultima_consulta": 0.0
        },
        {
            "id": "m7",
            "nome": "Dr. Miguel Fernandes",
            "ocupado": false,
            "doente_corrente": null,
            "especialidade": "Cardiologia",
            "total_tempo_ocupado": 0.0,
            "inicio_ultima_consulta": 0.0
        },
        {
            "id": "m8",
            "nome": "Dra. Catarina Lopes",
            "ocupado": false,
            "doente_corrente": null,
            "especialidade": "Cardiologia",
            "total_tempo_ocupado": 0.0,
            "inicio_ultima_consulta": 0.0
        },
        {
            "id": "m9",
            "nome": "Dr. Ricardo Martins",
            "ocupado": false,
            "doente_corrente": null,
            "especialidade": "Pneumologia",
            "total_tempo_ocupado": 0.0,
            "inicio_ultima_consulta": 0.0
        },
        {
            "id": "m10",
            "nome": "Dra. Teresa Sousa",
            "ocupado": false,
            "doente_corrente": null,
            "especialidade": "Pneumologia",
            "total_tempo_ocupado": 0.0,
            "inicio_ultima_consulta": 0.0
        },
        {
            "id": "m11",
            "nome": "Dr. Rui Carvalho",
            "ocupado": false,
            "doente_corrente": null,
            "especialidade": "Clínica Geral",
            "total_tempo_ocupado": 0.0,
            "inicio_ultima_consulta": 0.0
        },
        {
            "id": "m12",
            "nome": "Dra. Inês Oliveira",
            "ocupado": false,
            "doente_corrente": null,
            "especialidade": "Medicina Interna",
            "total_tempo_ocupado": 0.0,
            "inicio_ultima_consulta": 0.0
        },
        {
            "id": "m13",
            "nome": "Dr. Carlos Teixeira",
            "ocupado": false,
            "doente_corrente": null,
            "especialidade": "Ortopedia",
            "total_tempo_ocupado": 0.0,
            "inicio_ultima_consulta": 0.0
        },
        {
            "id": "m14",
            "nome": "Dra. Helena Gomes",
            "ocupado": false,
            "doente_corrente": null,
            "especialidade": "Neurologia",
            "total_tempo_ocupado": 0.0,
            "inicio_ultima_consulta": 0.0
        },
        {
            "id": "m15",
            "nome": "Dr. Luís Ribeiro",
            "ocupado": false,
            "doente_corrente": null,
            "especialidade": "Urologia",
            "total_tempo_ocupado": 0.0,
            "inicio_ultima_consulta": 0.0
        },
        {
            "id": "m16",
            "nome": "Dra. Paula Mendes",
            "ocupado": false,
            "doente_corrente": null,
            "especialidade": "Ginecologia",
            "total_tempo_ocupado": 0.0,
            "inicio_ultima_consulta": 0.0
        },
        {
            "id": "m17",
            "nome": "Dr. André Silva",
            "ocupado": false,
            "doente_corrente": null,
            "especialidade": "Pediatria",
            "total_tempo_ocupado": 0.0,
            "inicio_ultima_consulta": 0.0
        },
        {
            "id": "m18",
            "nome": "Dra. Rita Ferreira",
            "ocupado": false,
            "doente_corrente": null,
            "especialidade": "Oftalmologia",
            "total_tempo_ocupado": 0.0,
            "inicio_ultima_consulta": 0.0
        },
        {
            "id": "m19",
            "nome": "Dr. Bruno Sousa",
            "ocupado": false,
            "doente_corrente": null,
            "especialidade": "Otorrinolaringologia",
            "total_tempo_ocupado": 0.0,
            "inicio_ultima_consulta": 0.0
        },
        {
            "id": "m20",
            "nome": "Dra. Vanessa Carvalho",
            "ocupado": false,
            "doente_corrente": null,
            "especialidade": "Psiquiatria",
            "total_tempo_ocupado": 0.0,
            "inicio_ultima_consulta": 0.0
        },
        {
            "id": "m21",
            "nome": "Dr. Fábio Almeida",
            "ocupado": false,
            "doente_corrente": null,
            "especialidade": "Endocrinologia",
            "total_tempo_ocupado": 0.0,
            "inicio_ultima_consulta": 0.0
        },
        {
            "id": "m22",
            "nome": "Dra. Sofia Ramos",
            "ocupado": false,
            "doente_corrente": null,
            "especialidade": "Dermatologia",
            "total_tempo_ocupado": 0.0,
            "inicio_ultima_consulta": 0.0
        },
        {
            "id": "m23",
            "nome": "Dr. Tiago Pinto",
            "ocupado": false,
            "doente_corrente": null,
            "especialidade": "Gastroenterologia",
            "total_tempo_ocupado": 0.0,
            "inicio_ultima_consulta": 0.0
        },
        {
            "id": "m24",
            "nome": "Dra. Mariana Lopes",
            "ocupado": false,
            "doente_corrente": null,
            "especialidade": "Neurologia",
            "total_tempo_ocupado": 0.0,
            "inicio_ultima_consulta": 0.0
        },
        {
            "id": "m25",
            "nome": "Dra. Marta Oliveira",
            "ocupado": false,
            "doente_corrente": null,
            "especialidade": "Dermatologia",
            "total_tempo_ocupado": 0.0,
            "inicio_ultima_consulta": 0.0
        },
        {
            "id": "m26",
            "nome": "Dr. Hugo Santos",
            "ocupado": false,
            "doente_corrente": null,
            "especialidade": "Gastroenterologia",
            "total_tempo_ocupado": 0.0,
            "inicio_ultima_consulta": 0.0
        },
        {
            "id": "m27",
            "nome": "Dra. Isabel Ferreira",
            "ocupado": false,
            "doente_corrente": null,
            "especialidade": "Neurologia",
            "total_tempo_ocupado": 0.0,
            "inicio_ultima_consulta": 0.0
        },
        {
            "id": "m28",
            "nome": "Dr. Luís Martins",
            "ocupado": false,
            "doente_corrente": null,
            "especialidade": "Urologia",
            "total_tempo_ocupado": 0.0,
            "inicio_ultima_consulta": 0.0
        },
        {
            "id": "m29",
            "nome": "Dra. Sandra Costa",
            "ocupado": false,
            "doente_corrente": null,
            "especialidade": "Ginecologia",
            "total_tempo_ocupado": 0.0,
            "inicio_ultima_consulta": 0.0
        },
        {
            "id": "m30",
            "nome": "Dr. António Gomes",
            "ocupado": false,
            "doente_corrente": null,
            "especialidade": "Pediatria",
            "total_tempo_ocupado": 0.0,
            "inicio_ultima_consulta": 0.0
        },
        {
            "id": "m31",
            "nome": "Dra. Carla Rodrigues",
            "ocupado": false,
            "doente_corrente": null,
            "especialidade": "Oftalmologia",
            "total_tempo_ocupado": 0.0,
            "inicio_ultima_consulta": 0.0
        },
        {
            "id": "m32",
            "nome": "Dr. João Silva",
            "ocupado": false,
            "doente_corrente": null,
            "especialidade": "Otorrinolaringologia",
            "total_tempo_ocupado": 0.0,
            "inicio_ultima_consulta": 0.0
        },
        {
            "id": "m33",
            "nome": "Dra. Ana Pereira",
            "ocupado": false,
            "doente_corrente": null,
            "especialidade": "Psiquiatria",
            "total_tempo_ocupado": 0.0,
            "inicio_ultima_consulta": 0.0
        },
        {
            "id": "m34",
            "nome": "Dr. Ricardo Sousa",
            "ocupado": false,
            "doente_corrente": null,
            "especialidade": "Endocrinologia",
            "total_tempo_ocupado": 0.0,
            "inicio_ultima_consulta": 0.0
        },
        {
            "id": "m35",
            "nome": "Dra. Benvinda Dantas",
            "ocupado": false,
            "doente_corrente": null,
            "especialidade": "Pediatria",
            "total_tempo_ocupado": 0.0,
            "inicio_ultima_consulta": 0.0
        }
    ],
    "mapeamento_doencas": {
        "Gripe": "Clínica Geral",
        "Febre": "Clínica Geral",
        "Tosse": "Clínica Geral",
        "Dor de garganta": "Clínica Geral",
        "Rinite": "Clínica Geral",
        "Sinusite": "Clínica Geral",
        "Otite": "Clínica Geral",
        "Conjuntivite": "Clínica Geral",
        "Dor de cabeça": "Clínica Geral",
        "Enxaqueca": "Clínica Geral",
        "Náuseas": "Clínica Geral",
        "Vómitos": "Clínica Geral",
        "Diarreia": "Clínica Geral",
        "Constipação": "Clínica Geral",
        "Indigestão": "Clínica Geral",
        "Azia": "Clínica Geral",
        "Fadiga": "Clínica Geral",
        "Insónia": "Clínica Geral",
        "Ansiedade": "Clínica Geral",
        "Stress": "Clínica Geral",
        "Consulta de rotina": "Clínica Geral",
        "Check-up": "Medicina Interna",
        "Hipertensão": "Medicina Interna",
        "Diabetes": "Medicina Interna",
        "Colesterol alto": "Medicina Interna",
        "Obesidade": "Medicina Interna",
        "Anemia": "Medicina Interna",
        "Hipotireoidismo": "Medicina Interna",
        "Hipertireoidismo": "Medicina Interna",
        "Doença renal crónica": "Medicina Interna",
        "Doença hepática": "Medicina Interna",
        "Lúpus": "Medicina Interna",
        "Artrite reumatoide": "Medicina Interna",
        "Gota": "Medicina Interna",
        "Osteoporose": "Medicina Interna",
        "Síndrome metabólica": "Medicina Interna",
        "Doenças autoimunes": "Medicina Interna",
        "Dor lombar": "Ortopedia",
        "Dor cervical": "Ortopedia",
        "Hérnia discal": "Ortopedia",
        "Artrose": "Ortopedia",
        "Osteoartrite": "Ortopedia",
        "Lesão muscular": "Ortopedia",
        "Distensão muscular": "Ortopedia",
        "Tendinite": "Ortopedia",
        "Bursite": "Ortopedia",
        "Entorse": "Ortopedia",
        "Fratura": "Ortopedia",
        "Luxação": "Ortopedia",
        "Escoliose": "Ortopedia",
        "Cifose": "Ortopedia",
        "Lordose": "Ortopedia",
        "Síndrome do túnel cárpico": "Ortopedia",
        "Dor no ombro": "Ortopedia",
        "Dor no joelho": "Ortopedia",
        "Dor no tornozelo": "Ortopedia",
        "Dor no quadril": "Ortopedia",
        "Lesão desportiva": "Ortopedia",
        "Hipertensão arterial": "Cardiologia",
        "Arritmia": "Cardiologia",
        "Taquicardia": "Cardiologia",
        "Bradicardia": "Cardiologia",
        "Angina": "Cardiologia",
        "Enfarte": "Cardiologia",
        "Insuficiência cardíaca": "Cardiologia",
        "Cardiopatia isquémica": "Cardiologia",
        "Doença arterial coronária": "Cardiologia",
        "Miocardite": "Cardiologia",
        "Pericardite": "Cardiologia",
        "Endocardite": "Cardiologia",
        "Sopro cardíaco": "Cardiologia",
        "Varizes": "Cardiologia",
        "Trombose": "Cardiologia",
        "Aterosclerose": "Cardiologia",
        "Acidente vascular cerebral": "Cardiologia",
        "Hipercolesterolemia": "Cardiologia",
        "Asma": "Pneumologia",
        "Bronquite": "Pneumologia",
        "Pneumonia": "Pneumologia",
        "Tuberculose": "Pneumologia",
        "Doença pulmonar obstrutiva crónica": "Pneumologia",
        "Enfisema pulmonar": "Pneumologia",
        "Fibrose pulmonar": "Pneumologia",
        "Apneia do sono": "Pneumologia",
        "Pleurisia": "Pneumologia",
        "Pneumotórax": "Pneumologia",
        "Tosse crónica": "Pneumologia",
        "Falta de ar": "Pneumologia",
        "Dispneia": "Pneumologia",
        "Acne": "Dermatologia",
        "Eczema": "Dermatologia",
        "Psoríase": "Dermatologia",
        "Dermatite": "Dermatologia",
        "Urticária": "Dermatologia",
        "Vitiligo": "Dermatologia",
        "Micose": "Dermatologia",
        "Herpes": "Dermatologia",
        "Verrugas": "Dermatologia",
        "Melanoma": "Dermatologia",
        "Carcinoma": "Dermatologia",
        "Rosácea": "Dermatologia",
        "Alopécia": "Dermatologia",
        "Queimadura solar": "Dermatologia",
        "Pele seca": "Dermatologia",
        "Pele oleosa": "Dermatologia",
        "Gastrite": "Gastroenterologia",
        "Úlcera": "Gastroenterologia",
        "Refluxo gastroesofágico": "Gastroenterologia",
        "Síndrome do intestino irritável": "Gastroenterologia",
        "Doença de Crohn": "Gastroenterologia",
        "Colite ulcerosa": "Gastroenterologia",
        "Diverticulite": "Gastroenterologia",
        "Hemorroidas": "Gastroenterologia",
        "Pancreatite": "Gastroenterologia",
        "Hepatite": "Gastroenterologia",
        "Cirrose": "Gastroenterologia",
        "Colecistite": "Gastroenterologia",
        "Cálculos biliares": "Gastroenterologia",
        "Intolerância alimentar": "Gastroenterologia",
        "Doença celíaca": "Gastroenterologia",
        "Enxaqueca crónica": "Neurologia",
        "Epilepsia": "Neurologia",
        "Parkinson": "Neurologia",
        "Alzheimer": "Neurologia",
        "Esclerose múltipla": "Neurologia",
        "Neuralgia": "Neurologia",
        "Neuropatia": "Neurologia",
        "Tonturas": "Neurologia",
        "Vertigem": "Neurologia",
        "Perda de memória": "Neurologia",
        "Demência": "Neurologia",
        "Ataque isquémico transitório": "Neurologia",
        "Meningite": "Neurologia",
        "Doença de Huntington": "Neurologia",
        "Síndrome de Tourette": "Neurologia",
        "Infeção urinária": "Urologia",
        "Cálculos renais": "Urologia",
        "Insuficiência renal": "Urologia",
        "Prostatite": "Urologia",
        "Hiperplasia prostática": "Urologia",
        "Câncer de próstata": "Urologia",
        "Disfunção erétil": "Urologia",
        "Incontinência urinária": "Urologia",
        "Cistite": "Urologia",
        "Pielonefrite": "Urologia",
        "Menstruação irregular": "Ginecologia",
        "Síndrome pré-menstrual": "Ginecologia",
        "Endometriose": "Ginecologia",
        "Mioma": "Ginecologia",
        "Cisto no ovário": "Ginecologia",
        "Síndrome dos ovários policísticos": "Ginecologia",
        "Menopausa": "Ginecologia",
        "Infeção vaginal": "Ginecologia",
        "Candidíase": "Ginecologia",
        "Exame ginecológico": "Ginecologia",
        "Sarampo": "Pediatria",
        "Catapora": "Pediatria",
        "Rubéola": "Pediatria",
        "Caxumba": "Pediatria",
        "Coqueluche": "Pediatria",
        "Amigdalite": "Pediatria",
        "Otite média": "Pediatria",
        "Bronquiolite": "Pediatria",
        "Consulta pediátrica": "Pediatria",
        "Acompanhamento crescimento": "Pediatria",
        "Miopia": "Oftalmologia",
        "Hipermetropia": "Oftalmologia",
        "Astigmatismo": "Oftalmologia",
        "Catarata": "Oftalmologia",
        "Glaucoma": "Oftalmologia",
        "Conjuntivite alérgica": "Oftalmologia",
        "Olho seco": "Oftalmologia",
        "Retinopatia": "Oftalmologia",
        "Descolamento retina": "Oftalmologia",
        "Exame ocular": "Oftalmologia",
        "Amigdalite crónica": "Otorrinolaringologia",
        "Faringite": "Otorrinolaringologia",
        "Laringite": "Otorrinolaringologia",
        "Perda auditiva": "Otorrinolaringologia",
        "Zumbido": "Otorrinolaringologia",
        "Vertigem posicional": "Otorrinolaringologia",
        "Ronco": "Otorrinolaringologia",
        "Depressão": "Psiquiatria",
        "Ansiedade generalizada": "Psiquiatria",
        "Pânico": "Psiquiatria",
        "Fobia": "Psiquiatria",
        "Transtorno obsessivo-compulsivo": "Psiquiatria",
        "Esquizofrenia": "Psiquiatria",
        "Transtorno bipolar": "Psiquiatria",
        "Anorexia": "Psiquiatria",
        "Bulimia": "Psiquiatria",
        "Stress pós-traumático": "Psiquiatria",
        "Diabetes mellitus": "Endocrinologia",
        "Tireoidite": "Endocrinologia",
        "Doença de Addison": "Endocrinologia",
        "Síndrome de Cushing": "Endocrinologia",
        "Distúrbios crescimento": "Endocrinologia",
        "Distúrbios puberdade": "Endocrinologia",
        "Distúrbios metabolismo": "Endocrinologia"
    }
}